{
	"format_version": "1.12.0",
	"minecraft:geometry": [
		{
			"description": {
				"identifier": "geometry.template_half_block_up",
				"texture_width": 16,
				"texture_height": 16,
				"visible_bounds_width": 3,
				"visible_bounds_height": 2.5,
				"visible_bounds_offset": [0, 0.75, 0]
			},
			"bones": [
				{
					"name": "north",
					"pivot": [0, 12, -8],
					"cubes": [
						{"origin": [-8, 8, -8], "size": [16, 8, 0], "uv": [0, 0]}
					]
				},
				{
					"name": "south",
					"pivot": [8, 12, 0],
					"cubes": [
						{"origin": [0, 8, 0], "size": [16, 8, 0], "pivot": [8, 12, 0], "rotation": [0, -90, 0], "uv": [0, 0]}
					]
				},
				{
					"name": "east",
					"pivot": [-8, 12, 0],
					"cubes": [
						{"origin": [-16, 8, 0], "size": [16, 8, 0], "pivot": [-8, 12, 0], "rotation": [0, 90, 0], "uv": [0, 0]}
					]
				},
				{
					"name": "west",
					"pivot": [0, 12, 8],
					"cubes": [
						{"origin": [-8, 8, 8], "size": [16, 8, 0], "pivot": [0, 12, 8], "rotation": [0, 180, 0], "uv": [0, 0]}
					]
				},
				{
					"name": "up",
					"pivot": [0, 16, 0],
					"rotation": [90, 0, 0],
					"cubes": [
						{"origin": [-8, 8, 0], "size": [16, 16, 0], "pivot": [0, 16, 0], "rotation": [0, 180, 0], "uv": [0, 0]}
					]
				},
				{
					"name": "down",
					"pivot": [0, 8, 0],
					"rotation": [-90, 0, 0],
					"cubes": [
						{"origin": [-8, 0, 0], "size": [16, 16, 0], "pivot": [0, 8, 0], "rotation": [0, 180, 0], "uv": [0, 0]}
					]
				}
			]
		}
	]
}